dataId,pointId,timestamp,temperature,humidity,altitude,latitude,longitude
1,52.52_13.41,2024-03-03T00:00:00.000000,7.2584996,93.04425,38.0,52.52,13.41
2,52.52_13.41,2024-03-03T01:00:00.000000,7.6085,93.06301,38.0,52.52,13.41
3,52.52_13.41,2024-03-03T02:00:00.000000,6.9585,94.97483,38.0,52.52,13.41
4,52.52_13.41,2024-03-03T03:00:00.000000,6.5084996,95.61626,38.0,52.52,13.41
5,52.52_13.41,2024-03-03T04:00:00.000000,6.2584996,96.605835,38.0,52.52,13.41
6,52.52_13.41,2024-03-03T05:00:00.000000,6.4084997,97.27963,38.0,52.52,13.41
7,52.52_13.41,2024-03-03T06:00:00.000000,6.6085,97.61984,38.0,52.52,13.41
8,52.52_13.41,2024-03-03T07:00:00.000000,7.3585,95.97427,38.0,52.52,13.41
9,52.52_13.41,2024-03-03T08:00:00.000000,8.658501,92.48583,38.0,52.52,13.41
10,52.52_13.41,2024-03-03T09:00:00.000000,10.2585,85.936195,38.0,52.52,13.41
11,52.52_13.41,2024-03-03T10:00:00.000000,11.7085,76.47273,38.0,52.52,13.41
12,52.52_13.41,2024-03-03T11:00:00.000000,12.6085005,70.61729,38.0,52.52,13.41
13,52.52_13.41,2024-03-03T12:00:00.000000,12.6085005,68.94708,38.0,52.52,13.41
14,52.52_13.41,2024-03-03T13:00:00.000000,13.2585,68.60929,38.0,52.52,13.41
15,52.52_13.41,2024-03-03T14:00:00.000000,13.3585005,66.553894,38.0,52.52,13.41
16,52.52_13.41,2024-03-03T15:00:00.000000,13.2085,66.29445,38.0,52.52,13.41
17,52.52_13.41,2024-03-03T16:00:00.000000,12.4585,70.10695,38.0,52.52,13.41
18,52.52_13.41,2024-03-03T17:00:00.000000,10.7585,75.79549,38.0,52.52,13.41
19,52.52_13.41,2024-03-03T18:00:00.000000,10.408501,78.92552,38.0,52.52,13.41
20,52.52_13.41,2024-03-03T19:00:00.000000,10.2585,79.71944,38.0,52.52,13.41
21,52.52_13.41,2024-03-03T20:00:00.000000,10.0585,80.79191,38.0,52.52,13.41
22,52.52_13.41,2024-03-03T21:00:00.000000,9.9585,81.61344,38.0,52.52,13.41
23,52.52_13.41,2024-03-03T22:00:00.000000,9.4585,84.10734,38.0,52.52,13.41
24,52.52_13.41,2024-03-03T23:00:00.000000,8.2085,89.64898,38.0,52.52,13.41
25,52.52_13.41,2024-03-04T00:00:00.000000,7.4084997,91.7784,38.0,52.52,13.41
26,52.52_13.41,2024-03-04T01:00:00.000000,7.3085,91.14048,38.0,52.52,13.41
27,52.52_13.41,2024-03-04T02:00:00.000000,6.9084997,92.06498,38.0,52.52,13.41
28,52.52_13.41,2024-03-04T03:00:00.000000,6.4084997,93.64598,38.0,52.52,13.41
29,52.52_13.41,2024-03-04T04:00:00.000000,6.1085,95.271385,38.0,52.52,13.41
30,52.52_13.41,2024-03-04T05:00:00.000000,6.5084996,95.61626,38.0,52.52,13.41
31,52.52_13.41,2024-03-04T06:00:00.000000,7.1584997,94.98268,38.0,52.52,13.41
32,52.52_13.41,2024-03-04T07:00:00.000000,7.7584996,92.11662,38.0,52.52,13.41
33,52.52_13.41,2024-03-04T08:00:00.000000,8.7585,87.86723,38.0,52.52,13.41
34,52.52_13.41,2024-03-04T09:00:00.000000,10.0585,82.187325,38.0,52.52,13.41
35,52.52_13.41,2024-03-04T10:00:00.000000,11.0085,78.47677,38.0,52.52,13.41
36,52.52_13.41,2024-03-04T11:00:00.000000,11.7085,75.43698,38.0,52.52,13.41
37,52.52_13.41,2024-03-04T12:00:00.000000,12.4585,72.54217,38.0,52.52,13.41
38,52.52_13.41,2024-03-04T13:00:00.000000,11.7585,74.42235,38.0,52.52,13.41
39,52.52_13.41,2024-03-04T14:00:00.000000,12.3585005,71.053024,38.0,52.52,13.41
40,52.52_13.41,2024-03-04T15:00:00.000000,12.4585,70.82982,38.0,52.52,13.41
41,52.52_13.41,2024-03-04T16:00:00.000000,11.8085,76.48896,38.0,52.52,13.41
42,52.52_13.41,2024-03-04T17:00:00.000000,9.2585,85.83234,38.0,52.52,13.41
43,52.52_13.41,2024-03-04T18:00:00.000000,9.4585,81.82834,38.0,52.52,13.41
44,52.52_13.41,2024-03-04T19:00:00.000000,9.3085,80.41087,38.0,52.52,13.41
45,52.52_13.41,2024-03-04T20:00:00.000000,9.0585,80.37586,38.0,52.52,13.41
46,52.52_13.41,2024-03-04T21:00:00.000000,8.8585005,77.877945,38.0,52.52,13.41
47,52.52_13.41,2024-03-04T22:00:00.000000,8.0085,75.86114,38.0,52.52,13.41
48,52.52_13.41,2024-03-04T23:00:00.000000,7.1584997,74.653946,38.0,52.52,13.41
49,52.52_13.41,2024-03-05T00:00:00.000000,6.5585,74.28336,38.0,52.52,13.41
50,52.52_13.41,2024-03-05T01:00:00.000000,6.1584997,82.838036,38.0,52.52,13.41
51,52.52_13.41,2024-03-05T02:00:00.000000,5.8585,83.97785,38.0,52.52,13.41
52,52.52_13.41,2024-03-05T03:00:00.000000,5.6584997,83.36269,38.0,52.52,13.41
53,52.52_13.41,2024-03-05T04:00:00.000000,5.5585,79.02802,38.0,52.52,13.41
54,52.52_13.41,2024-03-05T05:00:00.000000,4.9585,78.37419,38.0,52.52,13.41
55,52.52_13.41,2024-03-05T06:00:00.000000,3.3085,83.070854,38.0,52.52,13.41
56,52.52_13.41,2024-03-05T07:00:00.000000,2.8585,83.91957,38.0,52.52,13.41
57,52.52_13.41,2024-03-05T08:00:00.000000,3.7585,79.900024,38.0,52.52,13.41
58,52.52_13.41,2024-03-05T09:00:00.000000,5.1085,76.7308,38.0,52.52,13.41
59,52.52_13.41,2024-03-05T10:00:00.000000,6.4084997,66.926994,38.0,52.52,13.41
60,52.52_13.41,2024-03-05T11:00:00.000000,6.8585,61.686546,38.0,52.52,13.41
61,52.52_13.41,2024-03-05T12:00:00.000000,7.0585,59.31972,38.0,52.52,13.41
62,52.52_13.41,2024-03-05T13:00:00.000000,6.3085,64.52958,38.0,52.52,13.41
63,52.52_13.41,2024-03-05T14:00:00.000000,6.1584997,63.56536,38.0,52.52,13.41
64,52.52_13.41,2024-03-05T15:00:00.000000,5.8585,63.726646,38.0,52.52,13.41
65,52.52_13.41,2024-03-05T16:00:00.000000,5.4084997,64.08774,38.0,52.52,13.41
66,52.52_13.41,2024-03-05T17:00:00.000000,4.9084997,68.817474,38.0,52.52,13.41
67,52.52_13.41,2024-03-05T18:00:00.000000,4.5084996,71.541306,38.0,52.52,13.41
68,52.52_13.41,2024-03-05T19:00:00.000000,4.0585,74.63997,38.0,52.52,13.41
69,52.52_13.41,2024-03-05T20:00:00.000000,2.6585,82.090866,38.0,52.52,13.41
70,52.52_13.41,2024-03-05T21:00:00.000000,1.2585001,88.11652,38.0,52.52,13.41
71,52.52_13.41,2024-03-05T22:00:00.000000,-0.1415,90.28182,38.0,52.52,13.41
72,52.52_13.41,2024-03-05T23:00:00.000000,-0.79150003,90.9006,38.0,52.52,13.41
73,52.52_13.41,2024-03-06T00:00:00.000000,-0.24150002,91.61006,38.0,52.52,13.41
74,52.52_13.41,2024-03-06T01:00:00.000000,-0.99149996,90.88622,38.0,52.52,13.41
75,52.52_13.41,2024-03-06T02:00:00.000000,-1.1415,91.8891,38.0,52.52,13.41
76,52.52_13.41,2024-03-06T03:00:00.000000,-0.8415,92.58817,38.0,52.52,13.41
77,52.52_13.41,2024-03-06T04:00:00.000000,-0.54150003,93.63152,38.0,52.52,13.41
78,52.52_13.41,2024-03-06T05:00:00.000000,-0.4415,93.98047,38.0,52.52,13.41
79,52.52_13.41,2024-03-06T06:00:00.000000,-0.4415,95.01878,38.0,52.52,13.41
80,52.52_13.41,2024-03-06T07:00:00.000000,1.2085,94.059204,38.0,52.52,13.41
81,52.52_13.41,2024-03-06T08:00:00.000000,3.5585,89.91474,38.0,52.52,13.41
82,52.52_13.41,2024-03-06T09:00:00.000000,5.6085,79.31733,38.0,52.52,13.41
83,52.52_13.41,2024-03-06T10:00:00.000000,6.7085,64.62126,38.0,52.52,13.41
84,52.52_13.41,2024-03-06T11:00:00.000000,6.9084997,61.92261,38.0,52.52,13.41
85,52.52_13.41,2024-03-06T12:00:00.000000,7.1584997,61.092133,38.0,52.52,13.41
86,52.52_13.41,2024-03-06T13:00:00.000000,6.8585,67.50789,38.0,52.52,13.41
87,52.52_13.41,2024-03-06T14:00:00.000000,6.8585,67.993965,38.0,52.52,13.41
88,52.52_13.41,2024-03-06T15:00:00.000000,6.6584997,69.1815,38.0,52.52,13.41
89,52.52_13.41,2024-03-06T16:00:00.000000,6.5084996,72.44408,38.0,52.52,13.41
90,52.52_13.41,2024-03-06T17:00:00.000000,5.4084997,83.627754,38.0,52.52,13.41
91,52.52_13.41,2024-03-06T18:00:00.000000,5.3085,86.9331,38.0,52.52,13.41
92,52.52_13.41,2024-03-06T19:00:00.000000,5.1085,88.461624,38.0,52.52,13.41
93,52.52_13.41,2024-03-06T20:00:00.000000,4.9585,89.705925,38.0,52.52,13.41
94,52.52_13.41,2024-03-06T21:00:00.000000,4.9084997,90.97571,38.0,52.52,13.41
95,52.52_13.41,2024-03-06T22:00:00.000000,4.9084997,92.26541,38.0,52.52,13.41
96,52.52_13.41,2024-03-06T23:00:00.000000,4.7584996,93.8931,38.0,52.52,13.41
97,52.52_13.41,2024-03-07T00:00:00.000000,4.7085,93.89071,38.0,52.52,13.41
98,52.52_13.41,2024-03-07T01:00:00.000000,4.7584996,93.56372,38.0,52.52,13.41
99,52.52_13.41,2024-03-07T02:00:00.000000,4.8085,92.58459,38.0,52.52,13.41
100,52.52_13.41,2024-03-07T03:00:00.000000,4.1085,91.24259,38.0,52.52,13.41
101,52.52_13.41,2024-03-07T04:00:00.000000,2.4085,90.79922,38.0,52.52,13.41
102,52.52_13.41,2024-03-07T05:00:00.000000,0.95849997,89.70954,38.0,52.52,13.41
103,52.52_13.41,2024-03-07T06:00:00.000000,0.4085,89.66535,38.0,52.52,13.41
104,52.52_13.41,2024-03-07T07:00:00.000000,1.3085,87.80093,38.0,52.52,13.41
105,52.52_13.41,2024-03-07T08:00:00.000000,2.7085001,81.208435,38.0,52.52,13.41
106,52.52_13.41,2024-03-07T09:00:00.000000,4.3585,72.82263,38.0,52.52,13.41
107,52.52_13.41,2024-03-07T10:00:00.000000,5.4585,58.698025,38.0,52.52,13.41
108,52.52_13.41,2024-03-07T11:00:00.000000,5.9084997,56.479156,38.0,52.52,13.41
109,52.52_13.41,2024-03-07T12:00:00.000000,6.5084996,54.79295,38.0,52.52,13.41
110,52.52_13.41,2024-03-07T13:00:00.000000,7.5585,55.477768,38.0,52.52,13.41
111,52.52_13.41,2024-03-07T14:00:00.000000,7.6085,54.288113,38.0,52.52,13.41
112,52.52_13.41,2024-03-07T15:00:00.000000,7.2085,54.579124,38.0,52.52,13.41
113,52.52_13.41,2024-03-07T16:00:00.000000,6.2584996,59.55206,38.0,52.52,13.41
114,52.52_13.41,2024-03-07T17:00:00.000000,4.1085,65.45067,38.0,52.52,13.41
115,52.52_13.41,2024-03-07T18:00:00.000000,2.8585,69.146,38.0,52.52,13.41
116,52.52_13.41,2024-03-07T19:00:00.000000,2.0585,72.9216,38.0,52.52,13.41
117,52.52_13.41,2024-03-07T20:00:00.000000,1.4585,76.39887,38.0,52.52,13.41
118,52.52_13.41,2024-03-07T21:00:00.000000,1.1085,78.34198,38.0,52.52,13.41
119,52.52_13.41,2024-03-07T22:00:00.000000,0.6585,80.62322,38.0,52.52,13.41
120,52.52_13.41,2024-03-07T23:00:00.000000,0.1585,83.28167,38.0,52.52,13.41
121,52.52_13.41,2024-03-08T00:00:00.000000,-0.3915,85.71731,38.0,52.52,13.41
122,52.52_13.41,2024-03-08T01:00:00.000000,-1.3414999,86.89901,38.0,52.52,13.41
123,52.52_13.41,2024-03-08T02:00:00.000000,-1.4914999,86.88379,38.0,52.52,13.41
124,52.52_13.41,2024-03-08T03:00:00.000000,-1.5415,87.20338,38.0,52.52,13.41
125,52.52_13.41,2024-03-08T04:00:00.000000,-1.5415,87.52912,38.0,52.52,13.41
126,52.52_13.41,2024-03-08T05:00:00.000000,-1.6415,88.50388,38.0,52.52,13.41
127,52.52_13.41,2024-03-08T06:00:00.000000,-1.6415,88.834206,38.0,52.52,13.41
128,52.52_13.41,2024-03-08T07:00:00.000000,-0.1415,86.699455,38.0,52.52,13.41
129,52.52_13.41,2024-03-08T08:00:00.000000,1.7085,80.18307,38.0,52.52,13.41
130,52.52_13.41,2024-03-08T09:00:00.000000,3.7585,74.31566,38.0,52.52,13.41
131,52.52_13.41,2024-03-08T10:00:00.000000,5.3085,63.597786,38.0,52.52,13.41
132,52.52_13.41,2024-03-08T11:00:00.000000,6.2584996,59.117878,38.0,52.52,13.41
133,52.52_13.41,2024-03-08T12:00:00.000000,7.0585,56.780888,38.0,52.52,13.41
134,52.52_13.41,2024-03-08T13:00:00.000000,7.5084996,54.659676,38.0,52.52,13.41
135,52.52_13.41,2024-03-08T14:00:00.000000,7.6584997,55.91041,38.0,52.52,13.41
136,52.52_13.41,2024-03-08T15:00:00.000000,7.4585,56.266678,38.0,52.52,13.41
137,52.52_13.41,2024-03-08T16:00:00.000000,6.6584997,58.360367,38.0,52.52,13.41
138,52.52_13.41,2024-03-08T17:00:00.000000,4.9084997,62.808044,38.0,52.52,13.41
139,52.52_13.41,2024-03-08T18:00:00.000000,3.8585,67.34843,38.0,52.52,13.41
140,52.52_13.41,2024-03-08T19:00:00.000000,3.2085001,70.50443,38.0,52.52,13.41
141,52.52_13.41,2024-03-08T20:00:00.000000,2.6585,73.57388,38.0,52.52,13.41
142,52.52_13.41,2024-03-08T21:00:00.000000,2.1085,77.356094,38.0,52.52,13.41
143,52.52_13.41,2024-03-08T22:00:00.000000,1.6085,81.05531,38.0,52.52,13.41
144,52.52_13.41,2024-03-08T23:00:00.000000,1.2085,84.334724,38.0,52.52,13.41
145,52.52_13.41,2024-03-09T00:00:00.000000,0.8585,86.80119,38.0,52.52,13.41
146,52.52_13.41,2024-03-09T01:00:00.000000,0.6585,87.7397,38.0,52.52,13.41
147,52.52_13.41,2024-03-09T02:00:00.000000,0.3585,89.66132,38.0,52.52,13.41
148,52.52_13.41,2024-03-09T03:00:00.000000,0.108500004,90.96487,38.0,52.52,13.41
149,52.52_13.41,2024-03-09T04:00:00.000000,-0.041500002,91.62331,38.0,52.52,13.41
150,52.52_13.41,2024-03-09T05:00:00.000000,-0.1415,92.290665,38.0,52.52,13.41
151,52.52_13.41,2024-03-09T06:00:00.000000,0.108500004,92.64391,38.0,52.52,13.41
152,52.52_13.41,2024-03-09T07:00:00.000000,1.6085,88.79056,38.0,52.52,13.41
153,52.52_13.41,2024-03-09T08:00:00.000000,3.6085,83.10852,38.0,52.52,13.41
154,52.52_13.41,2024-03-09T09:00:00.000000,5.6584997,78.20335,38.0,52.52,13.41
155,52.52_13.41,2024-03-09T10:00:00.000000,7.5084996,73.40723,38.0,52.52,13.41
156,52.52_13.41,2024-03-09T11:00:00.000000,9.0085,63.318695,38.0,52.52,13.41
157,52.52_13.41,2024-03-09T12:00:00.000000,9.2085,60.93357,38.0,52.52,13.41
158,52.52_13.41,2024-03-09T13:00:00.000000,9.3585005,59.892937,38.0,52.52,13.41
159,52.52_13.41,2024-03-09T14:00:00.000000,8.8585005,68.41471,38.0,52.52,13.41
160,52.52_13.41,2024-03-09T15:00:00.000000,9.1085005,70.172615,38.0,52.52,13.41
161,52.52_13.41,2024-03-09T16:00:00.000000,8.5085,74.36718,38.0,52.52,13.41
162,52.52_13.41,2024-03-09T17:00:00.000000,7.2584996,79.56083,38.0,52.52,13.41
163,52.52_13.41,2024-03-09T18:00:00.000000,5.7085,86.36238,38.0,52.52,13.41
164,52.52_13.41,2024-03-09T19:00:00.000000,5.2085,87.53921,38.0,52.52,13.41
165,52.52_13.41,2024-03-09T20:00:00.000000,4.5585,89.0418,38.0,52.52,13.41
166,52.52_13.41,2024-03-09T21:00:00.000000,4.3085,89.654495,38.0,52.52,13.41
167,52.52_13.41,2024-03-09T22:00:00.000000,4.1085,90.59797,38.0,52.52,13.41
168,52.52_13.41,2024-03-09T23:00:00.000000,3.9585001,90.90923,38.0,52.52,13.41
169,52.52_13.41,2024-03-10T00:00:00.000000,3.8085,91.54676,38.0,52.52,13.41
170,52.52_13.41,2024-03-10T01:00:00.000000,3.7085001,90.24713,38.0,52.52,13.41
171,52.52_13.41,2024-03-10T02:00:00.000000,3.6585,90.56522,38.0,52.52,13.41
172,52.52_13.41,2024-03-10T03:00:00.000000,3.5585,90.557915,38.0,52.52,13.41
173,52.52_13.41,2024-03-10T04:00:00.000000,3.3585,90.86688,38.0,52.52,13.41
174,52.52_13.41,2024-03-10T05:00:00.000000,3.1585,91.503914,38.0,52.52,13.41
175,52.52_13.41,2024-03-10T06:00:00.000000,3.3085,91.188065,38.0,52.52,13.41
176,52.52_13.41,2024-03-10T07:00:00.000000,5.0084996,85.37826,38.0,52.52,13.41
177,52.52_13.41,2024-03-10T08:00:00.000000,6.9585,80.64318,38.0,52.52,13.41
178,52.52_13.41,2024-03-10T09:00:00.000000,9.0585,73.68845,38.0,52.52,13.41
179,52.52_13.41,2024-03-10T10:00:00.000000,10.7585,68.5688,38.0,52.52,13.41
180,52.52_13.41,2024-03-10T11:00:00.000000,11.6085005,62.813187,38.0,52.52,13.41
181,52.52_13.41,2024-03-10T12:00:00.000000,11.9585,60.95268,38.0,52.52,13.41
182,52.52_13.41,2024-03-10T13:00:00.000000,11.8085,63.298824,38.0,52.52,13.41
183,52.52_13.41,2024-03-10T14:00:00.000000,11.7585,63.72927,38.0,52.52,13.41
184,52.52_13.41,2024-03-10T15:00:00.000000,11.4585,65.9148,38.0,52.52,13.41
185,52.52_13.41,2024-03-10T16:00:00.000000,10.5085,68.99588,38.0,52.52,13.41
186,52.52_13.41,2024-03-10T17:00:00.000000,10.158501,68.20611,38.0,52.52,13.41
187,52.52_13.41,2024-03-10T18:00:00.000000,9.6085005,73.02116,38.0,52.52,13.41
188,52.52_13.41,2024-03-10T19:00:00.000000,9.7585,73.81411,38.0,52.52,13.41
189,52.52_13.41,2024-03-10T20:00:00.000000,9.7085,72.53297,38.0,52.52,13.41
190,52.52_13.41,2024-03-10T21:00:00.000000,10.1085005,71.10948,38.0,52.52,13.41
191,52.52_13.41,2024-03-10T22:00:00.000000,10.1085005,72.60725,38.0,52.52,13.41
192,52.52_13.41,2024-03-10T23:00:00.000000,9.7085,77.20564,38.0,52.52,13.41
193,52.52_13.41,2024-03-11T00:00:00.000000,9.5585,80.44579,38.0,52.52,13.41
194,52.52_13.41,2024-03-11T01:00:00.000000,8.8585005,81.74964,38.0,52.52,13.41
195,52.52_13.41,2024-03-11T02:00:00.000000,8.3085,86.02901,38.0,52.52,13.41
196,52.52_13.41,2024-03-11T03:00:00.000000,8.2085,87.21406,38.0,52.52,13.41
197,52.52_13.41,2024-03-11T04:00:00.000000,8.5085,85.753716,38.0,52.52,13.41
198,52.52_13.41,2024-03-11T05:00:00.000000,8.8085,85.78523,38.0,52.52,13.41
199,52.52_13.41,2024-03-11T06:00:00.000000,8.8085,86.972115,38.0,52.52,13.41
200,52.52_13.41,2024-03-11T07:00:00.000000,9.0585,87.29474,38.0,52.52,13.41
201,52.52_13.41,2024-03-11T08:00:00.000000,9.7085,85.87921,38.0,52.52,13.41
202,52.52_13.41,2024-03-11T09:00:00.000000,11.0585,82.03583,38.0,52.52,13.41
203,52.52_13.41,2024-03-11T10:00:00.000000,12.1085005,77.58335,38.0,52.52,13.41
204,52.52_13.41,2024-03-11T11:00:00.000000,12.658501,71.110565,38.0,52.52,13.41
205,52.52_13.41,2024-03-11T12:00:00.000000,13.658501,65.04425,38.0,52.52,13.41
206,52.52_13.41,2024-03-11T13:00:00.000000,12.8085,67.354,38.0,52.52,13.41
207,52.52_13.41,2024-03-11T14:00:00.000000,13.1085005,63.15991,38.0,52.52,13.41
208,52.52_13.41,2024-03-11T15:00:00.000000,12.908501,63.11391,38.0,52.52,13.41
209,52.52_13.41,2024-03-11T16:00:00.000000,12.2585,73.00178,38.0,52.52,13.41
210,52.52_13.41,2024-03-11T17:00:00.000000,8.5585,81.427475,38.0,52.52,13.41
211,52.52_13.41,2024-03-11T18:00:00.000000,7.5585,83.59337,38.0,52.52,13.41
212,52.52_13.41,2024-03-11T19:00:00.000000,6.4585,85.236305,38.0,52.52,13.41
213,52.52_13.41,2024-03-11T20:00:00.000000,6.1584997,84.904465,38.0,52.52,13.41
214,52.52_13.41,2024-03-11T21:00:00.000000,6.0585,85.49239,38.0,52.52,13.41
215,52.52_13.41,2024-03-11T22:00:00.000000,5.1085,87.52978,38.0,52.52,13.41
216,52.52_13.41,2024-03-11T23:00:00.000000,4.1584997,89.008224,38.0,52.52,13.41
217,52.52_13.41,2024-03-12T00:00:00.000000,3.7085001,90.89162,38.0,52.52,13.41
218,52.52_13.41,2024-03-12T01:00:00.000000,4.3585,89.025024,38.0,52.52,13.41
219,52.52_13.41,2024-03-12T02:00:00.000000,4.0085,90.26968,38.0,52.52,13.41
220,52.52_13.41,2024-03-12T03:00:00.000000,3.6585,91.86284,38.0,52.52,13.41
221,52.52_13.41,2024-03-12T04:00:00.000000,5.2085,85.70282,38.0,52.52,13.41
222,52.52_13.41,2024-03-12T05:00:00.000000,3.6585,92.18981,38.0,52.52,13.41
223,52.52_13.41,2024-03-12T06:00:00.000000,3.9085,94.85302,38.0,52.52,13.41
224,52.52_13.41,2024-03-12T07:00:00.000000,5.6584997,90.07612,38.0,52.52,13.41
225,52.52_13.41,2024-03-12T08:00:00.000000,7.6584997,85.663826,38.0,52.52,13.41
226,52.52_13.41,2024-03-12T09:00:00.000000,9.9585,77.77987,38.0,52.52,13.41
227,52.52_13.41,2024-03-12T10:00:00.000000,11.5585,69.44844,38.0,52.52,13.41
228,52.52_13.41,2024-03-12T11:00:00.000000,12.5085,64.789116,38.0,52.52,13.41
229,52.52_13.41,2024-03-12T12:00:00.000000,12.8085,62.00945,38.0,52.52,13.41
230,52.52_13.41,2024-03-12T13:00:00.000000,13.408501,56.601543,38.0,52.52,13.41
231,52.52_13.41,2024-03-12T14:00:00.000000,13.1085005,55.351807,38.0,52.52,13.41
232,52.52_13.41,2024-03-12T15:00:00.000000,12.7085,58.022747,38.0,52.52,13.41
233,52.52_13.41,2024-03-12T16:00:00.000000,11.658501,64.82379,38.0,52.52,13.41
234,52.52_13.41,2024-03-12T17:00:00.000000,10.1085005,71.85491,38.0,52.52,13.41
235,52.52_13.41,2024-03-12T18:00:00.000000,9.1085005,76.04527,38.0,52.52,13.41
236,52.52_13.41,2024-03-12T19:00:00.000000,8.7085,77.85457,38.0,52.52,13.41
237,52.52_13.41,2024-03-12T20:00:00.000000,8.1085005,80.52201,38.0,52.52,13.41
238,52.52_13.41,2024-03-12T21:00:00.000000,7.9585,81.346954,38.0,52.52,13.41
239,52.52_13.41,2024-03-12T22:00:00.000000,6.9084997,86.48427,38.0,52.52,13.41
240,52.52_13.41,2024-03-12T23:00:00.000000,5.8085,92.641945,38.0,52.52,13.41
241,52.52_13.41,2024-03-13T00:00:00.000000,5.0084996,95.230316,38.0,52.52,13.41
242,52.52_13.41,2024-03-13T01:00:00.000000,4.8085,95.22279,38.0,52.52,13.41
243,52.52_13.41,2024-03-13T02:00:00.000000,4.0085,96.88546,38.0,52.52,13.41
244,52.52_13.41,2024-03-13T03:00:00.000000,2.8585,98.24275,38.0,52.52,13.41
245,52.52_13.41,2024-03-13T04:00:00.000000,2.6585,98.940636,38.0,52.52,13.41
246,52.52_13.41,2024-03-13T05:00:00.000000,2.0085,99.64389,38.0,52.52,13.41
247,52.52_13.41,2024-03-13T06:00:00.000000,2.3585,99.644905,38.0,52.52,13.41
248,52.52_13.41,2024-03-13T07:00:00.000000,4.9084997,96.23212,38.0,52.52,13.41
249,52.52_13.41,2024-03-13T08:00:00.000000,7.4084997,89.89644,38.0,52.52,13.41
250,52.52_13.41,2024-03-13T09:00:00.000000,9.4585,80.709435,38.0,52.52,13.41
251,52.52_13.41,2024-03-13T10:00:00.000000,11.1085005,66.993416,38.0,52.52,13.41
252,52.52_13.41,2024-03-13T11:00:00.000000,12.0085,61.391453,38.0,52.52,13.41
253,52.52_13.41,2024-03-13T12:00:00.000000,12.5585,57.98507,38.0,52.52,13.41
254,52.52_13.41,2024-03-13T13:00:00.000000,12.9585,56.486378,38.0,52.52,13.41
255,52.52_13.41,2024-03-13T14:00:00.000000,13.408501,52.964203,38.0,52.52,13.41
256,52.52_13.41,2024-03-13T15:00:00.000000,13.0085,52.671257,38.0,52.52,13.41
257,52.52_13.41,2024-03-13T16:00:00.000000,12.1085005,59.933613,38.0,52.52,13.41
258,52.52_13.41,2024-03-13T17:00:00.000000,10.0585,67.473335,38.0,52.52,13.41
259,52.52_13.41,2024-03-13T18:00:00.000000,8.8085,71.858894,38.0,52.52,13.41
260,52.52_13.41,2024-03-13T19:00:00.000000,8.6085005,73.34965,38.0,52.52,13.41
261,52.52_13.41,2024-03-13T20:00:00.000000,9.2085,71.18354,38.0,52.52,13.41
262,52.52_13.41,2024-03-13T21:00:00.000000,8.658501,73.61628,38.0,52.52,13.41
263,52.52_13.41,2024-03-13T22:00:00.000000,8.658501,75.178246,38.0,52.52,13.41
264,52.52_13.41,2024-03-13T23:00:00.000000,8.2585,80.82354,38.0,52.52,13.41
265,52.52_13.41,2024-03-14T00:00:00.000000,7.6584997,88.68217,38.0,52.52,13.41
266,52.52_13.41,2024-03-14T01:00:00.000000,7.9585,90.87145,38.0,52.52,13.41
267,52.52_13.41,2024-03-14T02:00:00.000000,8.3085,90.89574,38.0,52.52,13.41
268,52.52_13.41,2024-03-14T03:00:00.000000,8.6085005,91.54022,38.0,52.52,13.41
269,52.52_13.41,2024-03-14T04:00:00.000000,8.7585,93.12413,38.0,52.52,13.41
270,52.52_13.41,2024-03-14T05:00:00.000000,8.5085,95.68425,38.0,52.52,13.41
271,52.52_13.41,2024-03-14T06:00:00.000000,8.5085,96.01029,38.0,52.52,13.41
272,52.52_13.41,2024-03-14T07:00:00.000000,9.3085,94.105156,38.0,52.52,13.41
273,52.52_13.41,2024-03-14T08:00:00.000000,10.8085,88.34846,38.0,52.52,13.41
274,52.52_13.41,2024-03-14T09:00:00.000000,12.3585005,80.83082,38.0,52.52,13.41
275,52.52_13.41,2024-03-14T10:00:00.000000,13.7085,68.23556,38.0,52.52,13.41
276,52.52_13.41,2024-03-14T11:00:00.000000,13.7085,67.77299,38.0,52.52,13.41
277,52.52_13.41,2024-03-14T12:00:00.000000,14.2085,66.508835,38.0,52.52,13.41
278,52.52_13.41,2024-03-14T13:00:00.000000,14.1085005,63.823402,38.0,52.52,13.41
279,52.52_13.41,2024-03-14T14:00:00.000000,14.2085,64.06424,38.0,52.52,13.41
280,52.52_13.41,2024-03-14T15:00:00.000000,14.3585005,63.879818,38.0,52.52,13.41
281,52.52_13.41,2024-03-14T16:00:00.000000,13.8085,69.89627,38.0,52.52,13.41
282,52.52_13.41,2024-03-14T17:00:00.000000,11.408501,79.61269,38.0,52.52,13.41
283,52.52_13.41,2024-03-14T18:00:00.000000,10.658501,83.1081,38.0,52.52,13.41
284,52.52_13.41,2024-03-14T19:00:00.000000,10.908501,83.70462,38.0,52.52,13.41
285,52.52_13.41,2024-03-14T20:00:00.000000,10.0585,89.18594,38.0,52.52,13.41
286,52.52_13.41,2024-03-14T21:00:00.000000,8.9585,92.1887,38.0,52.52,13.41
287,52.52_13.41,2024-03-14T22:00:00.000000,8.158501,94.052574,38.0,52.52,13.41
288,52.52_13.41,2024-03-14T23:00:00.000000,7.9585,94.36589,38.0,52.52,13.41
289,52.52_13.41,2024-03-15T00:00:00.000000,7.8585,94.03877,38.0,52.52,13.41
290,52.52_13.41,2024-03-15T01:00:00.000000,7.9084997,93.71942,38.0,52.52,13.41
291,52.52_13.41,2024-03-15T02:00:00.000000,7.9084997,92.760284,38.0,52.52,13.41
292,52.52_13.41,2024-03-15T03:00:00.000000,7.7584996,91.80041,38.0,52.52,13.41
293,52.52_13.41,2024-03-15T04:00:00.000000,7.4084997,92.09542,38.0,52.52,13.41
294,52.52_13.41,2024-03-15T05:00:00.000000,7.2085,92.08326,38.0,52.52,13.41
295,52.52_13.41,2024-03-15T06:00:00.000000,7.3085,91.455795,38.0,52.52,13.41
296,52.52_13.41,2024-03-15T07:00:00.000000,8.7585,88.47177,38.0,52.52,13.41
297,52.52_13.41,2024-03-15T08:00:00.000000,10.658501,83.1081,38.0,52.52,13.41
298,52.52_13.41,2024-03-15T09:00:00.000000,12.658501,77.93122,38.0,52.52,13.41
299,52.52_13.41,2024-03-15T10:00:00.000000,14.0585,73.820526,38.0,52.52,13.41
300,52.52_13.41,2024-03-15T11:00:00.000000,15.6085005,69.54738,38.0,52.52,13.41
301,52.52_13.41,2024-03-15T12:00:00.000000,16.8085,65.511604,38.0,52.52,13.41
302,52.52_13.41,2024-03-15T13:00:00.000000,17.2085,62.18744,38.0,52.52,13.41
303,52.52_13.41,2024-03-15T14:00:00.000000,17.1085,57.924313,38.0,52.52,13.41
304,52.52_13.41,2024-03-15T15:00:00.000000,16.0585,65.789116,38.0,52.52,13.41
305,52.52_13.41,2024-03-15T16:00:00.000000,15.1085005,71.81444,38.0,52.52,13.41
306,52.52_13.41,2024-03-15T17:00:00.000000,12.408501,83.59935,38.0,52.52,13.41
307,52.52_13.41,2024-03-15T18:00:00.000000,11.408501,86.05427,38.0,52.52,13.41
308,52.52_13.41,2024-03-15T19:00:00.000000,11.3585005,86.049164,38.0,52.52,13.41
309,52.52_13.41,2024-03-15T20:00:00.000000,11.2085,86.32444,38.0,52.52,13.41
310,52.52_13.41,2024-03-15T21:00:00.000000,10.408501,89.819,38.0,52.52,13.41
311,52.52_13.41,2024-03-15T22:00:00.000000,10.4585,89.82282,38.0,52.52,13.41
312,52.52_13.41,2024-03-15T23:00:00.000000,9.8585005,91.31072,38.0,52.52,13.41
313,52.52_13.41,2024-03-16T00:00:00.000000,9.5585,91.91229,38.0,52.52,13.41
314,52.52_13.41,2024-03-16T01:00:00.000000,9.5585,90.98169,38.0,52.52,13.41
315,52.52_13.41,2024-03-16T02:00:00.000000,9.2085,91.89072,38.0,52.52,13.41
316,52.52_13.41,2024-03-16T03:00:00.000000,8.8085,92.810135,38.0,52.52,13.41
317,52.52_13.41,2024-03-16T04:00:00.000000,8.8085,92.179726,38.0,52.52,13.41
318,52.52_13.41,2024-03-16T05:00:00.000000,8.6085005,92.16777,38.0,52.52,13.41
319,52.52_13.41,2024-03-16T06:00:00.000000,8.6085005,91.85352,38.0,52.52,13.41
320,52.52_13.41,2024-03-16T07:00:00.000000,9.8585005,88.26581,38.0,52.52,13.41
321,52.52_13.41,2024-03-16T08:00:00.000000,11.4585,81.80974,38.0,52.52,13.41
322,52.52_13.41,2024-03-16T09:00:00.000000,12.3585005,77.098495,38.0,52.52,13.41
323,52.52_13.41,2024-03-16T10:00:00.000000,12.3085,73.26013,38.0,52.52,13.41
324,52.52_13.41,2024-03-16T11:00:00.000000,12.2085,76.5537,38.0,52.52,13.41
325,52.52_13.41,2024-03-16T12:00:00.000000,11.3085,79.86945,38.0,52.52,13.41
326,52.52_13.41,2024-03-16T13:00:00.000000,9.8585005,87.07317,38.0,52.52,13.41
327,52.52_13.41,2024-03-16T14:00:00.000000,9.5085,77.17376,38.0,52.52,13.41
328,52.52_13.41,2024-03-16T15:00:00.000000,9.158501,69.203514,38.0,52.52,13.41
329,52.52_13.41,2024-03-16T16:00:00.000000,9.3585005,63.62512,38.0,52.52,13.41
330,52.52_13.41,2024-03-16T17:00:00.000000,8.2585,60.702003,38.0,52.52,13.41
331,52.52_13.41,2024-03-16T18:00:00.000000,7.4084997,58.33927,38.0,52.52,13.41
332,52.52_13.41,2024-03-16T19:00:00.000000,6.8585,57.775272,38.0,52.52,13.41
333,52.52_13.41,2024-03-16T20:00:00.000000,6.2085,60.85932,38.0,52.52,13.41
334,52.52_13.41,2024-03-16T21:00:00.000000,5.6085,61.83384,38.0,52.52,13.41
335,52.52_13.41,2024-03-16T22:00:00.000000,4.9585,63.051056,38.0,52.52,13.41
336,52.52_13.41,2024-03-16T23:00:00.000000,4.3085,65.978905,38.0,52.52,13.41
337,52.52_13.41,2024-03-17T00:00:00.000000,3.8085,71.14364,38.0,52.52,13.41
338,52.52_13.41,2024-03-17T01:00:00.000000,3.3585,83.07714,38.0,52.52,13.41
339,52.52_13.41,2024-03-17T02:00:00.000000,3.3085,84.58018,38.0,52.52,13.41
340,52.52_13.41,2024-03-17T03:00:00.000000,3.5085,83.696014,38.0,52.52,13.41
341,52.52_13.41,2024-03-17T04:00:00.000000,4.2085,78.823204,38.0,52.52,13.41
342,52.52_13.41,2024-03-17T05:00:00.000000,4.5084996,73.913795,38.0,52.52,13.41
343,52.52_13.41,2024-03-17T06:00:00.000000,4.2584996,72.80379,38.0,52.52,13.41
344,52.52_13.41,2024-03-17T07:00:00.000000,4.9084997,69.06811,38.0,52.52,13.41
345,52.52_13.41,2024-03-17T08:00:00.000000,5.7584996,63.010292,38.0,52.52,13.41
346,52.52_13.41,2024-03-17T09:00:00.000000,6.4084997,60.026478,38.0,52.52,13.41
347,52.52_13.41,2024-03-17T10:00:00.000000,7.0585,56.57374,38.0,52.52,13.41
348,52.52_13.41,2024-03-17T11:00:00.000000,7.5084996,54.659676,38.0,52.52,13.41
349,52.52_13.41,2024-03-17T12:00:00.000000,8.0085,53.023327,38.0,52.52,13.41
350,52.52_13.41,2024-03-17T13:00:00.000000,8.158501,53.844273,38.0,52.52,13.41
351,52.52_13.41,2024-03-17T14:00:00.000000,8.158501,53.452995,38.0,52.52,13.41
352,52.52_13.41,2024-03-17T15:00:00.000000,8.2585,52.51326,38.0,52.52,13.41
353,52.52_13.41,2024-03-17T16:00:00.000000,7.5585,56.088154,38.0,52.52,13.41
354,52.52_13.41,2024-03-17T17:00:00.000000,5.2085,66.42168,38.0,52.52,13.41
355,52.52_13.41,2024-03-17T18:00:00.000000,3.5085,71.6066,38.0,52.52,13.41
356,52.52_13.41,2024-03-17T19:00:00.000000,2.4585001,76.287506,38.0,52.52,13.41
357,52.52_13.41,2024-03-17T20:00:00.000000,1.7585001,79.31299,38.0,52.52,13.41
358,52.52_13.41,2024-03-17T21:00:00.000000,1.2085,80.9992,38.0,52.52,13.41
359,52.52_13.41,2024-03-17T22:00:00.000000,0.4585,82.0984,38.0,52.52,13.41
360,52.52_13.41,2024-03-17T23:00:00.000000,-0.4415,84.4506,38.0,52.52,13.41
